{
  "welcome.md": {
    "x": 768.8515340662168,
    "y": 35.96169502688887,
    "w": 502.0,
    "h": 237.0
  },
  "getting-started.md": {
    "x": 281.5407502783969,
    "y": 315.1388213645503,
    "w": 381.0,
    "h": 382.0
  },
  "notes.md": {
    "x": 714.9187727470265,
    "y": 286.3588699820741,
    "w": 599.0,
    "h": 479.0
  },
  "test.svg": {
    "x": 1726.034213336783,
    "y": 502.52586716766336,
    "w": 202.0,
    "h": 242.0
  },
  "README.md": {
    "x": 394.382776427291,
    "y": 33.143575323211664,
    "w": 300.0,
    "h": 219.0
  }
}