{
  "README.md": {
    "x": 306.382776427291,
    "y": 38.143575323211664
  },
  "getting-started.md": {
    "x": 176.5407502783969,
    "y": 298.1388213645503
  },
  "notes.md": {
    "x": 560.9187727470265,
    "y": 313.3588699820741
  },
  "welcome.md": {
    "x": 768.8515340662168,
    "y": 35.96169502688887
  }
}