{
  "getting-started.md": {
    "x": 222.92031728175104,
    "y": 292.2625548292739,
    "w": 381.0,
    "h": 382.0
  },
  "README.md": {
    "x": 190.15423421908676,
    "y": 15.613997002854042,
    "w": 300.0,
    "h": 219.0
  },
  "notes.md": {
    "x": 719.7567689805296,
    "y": 279.1018756318194,
    "w": 570.0,
    "h": 570.0
  },
  "welcome.md": {
    "x": 954.7211996653376,
    "y": 11.65566183315766,
    "w": 502.0,
    "h": 237.0
  },
  "test.svg": {
    "x": 613.6807943985184,
    "y": -143.07108962006328,
    "w": 202.0,
    "h": 242.0
  }
}